CPID,max_duration,avg_duration
AN00218,3.4594444444444443,1.556851851851852
AN00603,7.783333333333333,28.71675925925926
AN03946,4.033333333333333,7.879444444444444
AN04630,34.32388888888889,22.939351851851853
AN05089,5.42,9.779351851851851
AN08083,2.7333333333333334,1.4627083333333335
AN08663,41.71388888888889,15.950092592592592
AN03896,4.008055555555556,5.414166666666667
AN06739,2.183333333333333,4.9013888888888895
AN06965,25.4,8.988888888888889
AN08377,23.95,17.816319444444446
AN09764,5.983333333333333,5.92
AN10884,24.1,16.90138888888889
AN11526,5.116666666666666,11.577777777777778
AN12429,22.566666666666666,13.100000000000001
AN16172,6.7,11.238888888888889
AN04423,2.15,7.466666666666666
AN08380,6.283333333333333,8.321250000000001
AN09713,10.216666666666667,4.072222222222222
AN11463,8.333333333333334,7.345555555555555
AN15995,3.783333333333333,3.559351851851852
AN17688,3.033333333333333,6.709351851851852
AN23190,8.683333333333334,12.601018518518517
AN00262,7.57,10.985925925925926
AN04526,9.966666666666667,8.420046296296297
AN06740,12.866666666666667,8.096111111111112
AN11196,8.860833333333334,14.106574074074075
AN13835,7.1,9.398166666666668
AN21795,3.2394444444444446,6.515185185185185
AN22470,5.627777777777778,2.4445138888888893
AN02540,9.252777777777778,10.547152777777779
AN04138,4.5,6.561111111111111
AN21874,65.5813888888889,35.57277777777778
AN23294,9.8175,9.773055555555556
AN00553,46.31666666666667,33.77430555555556
AN02064,8.33361111111111,6.097277777777778
AN03624,7.75,6.766666666666666
AN09733,18.5,10.734351851851853
AN11367,16.2,9.506666666666666
AN14673,4.3675,6.888888888888889
AN24451,4.316944444444444,6.042685185185185
AN00670,33.443888888888885,21.780648148148146
AN02522,9.433333333333334,8.952962962962962
AN02661,16.906666666666666,6.239722222222222
AN03344,4.7,10.884629629629629
AN05927,16.983333333333334,9.9
AN14050,6.7,9.694444444444445
AN18346,19.316666666666666,15.284351851851852
AN23999,2.5527777777777776,5.5922222222222215
AN06370,6.754722222222222,5.712407407407408
AN08659,9.133333333333333,17.844444444444445
AN09741,13.889166666666666,4.4648611111111105
AN10210,9.933333333333334,9.460833333333333
AN11161,24.5,19.083333333333332
AN11719,3.2333333333333334,9.529944444444444
AN01048,24.43111111111111,17.11685185185185
AN02682,9.695,7.795
AN06870,12.966666666666667,4.861111111111112
AN03713,7.966666666666667,4.910185185185186
AN03874,2.6333333333333333,1.4234722222222222
AN04200,33.233333333333334,12.815416666666666
AN06534,20.7,9.962546296296297
AN13312,11.990277777777777,7.953518518518519
AN13444,9.2,11.598749999999999
AN15209,3.9816666666666665,5.136111111111111
AN22353,9.688611111111111,15.199814814814815
AN24627,4.5,6.8993518518518515
AN00254,19.199166666666667,16.345925925925926
AN02908,17.866666666666667,11.178796296296296
AN04069,2.75,9.972222222222221
AN05417,23.966666666666665,11.777777777777779
AN08129,39.583333333333336,23.286481481481484
AN09917,14.167777777777777,13.923796296296297
AN15756,21.516666666666666,8.953194444444444
AN15940,24.9075,21.356111111111108
AN15988,20.645,9.848888888888888
AN04505,6.008333333333334,8.812777777777779
AN04941,9.5408333333333335,8.635444444444444
AN05510,7.166666666666667,12.7475
AN11312,4.15,5.658518518518519
AN15797,9.8405555555555555,6.214375
AN21904,14.645555555555555,13.638240740740741
AN22924,22.368333333333332,8.436574074074073
AN24443,3.0588888888888888,9.608888888888888
AN02288,6.398611111111111,18.61548611111111
AN03025,2.9,4.638888888888889
AN03521,3.3019444444444446,6.282870370370371
AN05940,14.916666666666666,7.166666666666666
AN08666,5.2,7.1127777777777785
AN14959,15.202222222222222,8.696944444444444
AN15123,1.8569444444444445,0.8800925925925926
AN15129,4.564444444444445,8.575694444444444
AN15687,9.9625,4.786458333333334
AN15794,45.6875,27.453611111111112
AN22939,14.15,5.135833333333333
AN01256,7.54,7.323518518518519
AN01841,15.35,9.432037037037036
AN04239,17.733333333333334,11.15675925925926
AN02867,16.362222222222222,7.154652777777778
AN03858,4.433333333333334,7.866481481481482
AN06780,3.3333333333333335,8.920370370370371
AN10235,8.95,11.509444444444446
AN17590,3.85,5.313333333333333
AN24895,17.89472222222222,9.313888888888888
AN24947,3.0594444444444444,1.9449074074074073
AN06511,13.418611111111112,8.402592592592592
AN06617,8.374166666666667,3.522222222222222
AN06845,22.3,17.91111111111111
AN10990,1.9119444444444444,1.508263888888889
AN11509,11.196666666666667,10.86814814814815
AN14385,4.183333333333334,9.574537037037038
AN01979,23.383333333333333,12.088888888888889
AN02068,2.45,10.334907407407407
AN04854,6.249722222222222,10.483796296296298
AN13627,20.226388888888888,11.475462962962963
AN15056,6.15,13.152129629629632
AN16270,13.816666666666666,12.3375
AN01883,5.416666666666667,2.422222222222222
AN03027,67.43333333333334,25.59625
AN10813,3.31,7.042277777777777
AN10981,13.533611111111112,4.7945370370370375
AN12554,19.216666666666665,16.383333333333333
AN15216,15.416666666666666,10.902916666666666
AN05112,2.1277777777777778,7.3971527777777775
AN11373,11.816666666666666,7.823333333333333
AN11992,6,2.6
AN23012,4.840833333333333,7.649814814814815
AN02939,24.8925,12.542847222222221
AN04258,1.8691666666666666,1.1526851851851851
AN06380,17.316666666666666,15.114166666666668
AN08516,9.95,10.644537037037038
AN11683,8.933333333333334,11.23311111111111
AN23393,3.480277777777778,6.215833333333334
AN01102,4.066666666666666,3.815740740740741
AN01642,7.290277777777778,7.313425925925927
AN10282,16.116666666666667,11.008981481481483
AN00943,60.666666666666664,23.61097222222222
AN03055,13.163611111111111,6.7494907407407405
AN03272,4.266666666666667,2.138888888888889
AN04241,4.716666666666667,11.428958333333334
AN04940,4.630277777777778,6.706055555555555
AN06138,9.703888888888889,17.22546296296296
AN12991,13.45,8.275925925925925
AN14625,2.025,32.728402777777774
AN21575,15.100833333333334,5.6725925925925935
AN01765,3.0833333333333335,1.9353703703703704
AN03570,3.716666666666667,10.856666666666667
AN06086,16.849166666666665,10.498888888888887
AN16772,6.593055555555556,4.7246296296296295
AN24555,5.35,4.469166666666667
AN24720,16.598055555555554,9.773055555555555
AN02958,4.1,2.6625
AN03864,5.8133333333333335,12.07925925925926
AN04097,3.4833333333333334,12.65
AN10154,16.416666666666668,5.83712962962963
AN14470,7.933333333333334,12.529074074074074
AN15947,6.566666666666666,6.831944444444444
AN21485,4.833333333333333,5.928518518518518
AN22954,8,8.075740740740741
AN00520,7.770833333333333,16.697685185185186
AN01121,2.8666666666666667,7.6281944444444445
AN04102,20.116666666666667,16.362847222222225
AN06315,9.35,9.525
AN15967,10.523888888888889,4.4575000000000005
AN16038,21.3425,18.195462962962964
AN24340,8.763055555555555,15.373703703703704
AN24548,14.655277777777778,10.194351851851852
AN00531,4.838333333333333,3.7605555555555554
AN02834,4.85,2.878796296296296
AN06085,14.15,10.045416666666666
AN06443,13.966666666666667,6.524375
AN08401,9.45,13.485462962962963
AN09906,20.051944444444445,14.617152777777779
AN17965,7.129722222222222,3.687962962962963
AN01208,14.9825,13.988611111111112
AN02915,9.2,8.774999999999999
AN08232,74.53333333333333,30.54638888888889
AN10922,6.950555555555556,2.6791666666666667
AN18646,15.024444444444445,13.686574074074073
AN02175,40.71805555555556,19.015740740740743
AN04971,19.92527777777778,16.508518518518517
AN05642,20.366666666666667,18.505555555555556
AN06787,25.348055555555554,9.650555555555554
AN06821,6.206944444444445,8.094126984126985
AN01706,9.838611111111112,6.904444444444444
AN04954,2.716666666666667,10.613611111111112
AN06221,2.8933333333333335,9.999027777777778
AN12468,5.083333333333333,18.400000000000002
AN13593,3.5869444444444443,5.293333333333334
AN22959,6.2675,5.982592592592593
AN23587,9.594444444444445,5.237870370370371
AN23856,2.355277777777778,10.851333333333333
AN04369,8.666666666666666,9.458425925925924
AN14658,8.716666666666667,9.248611111111112
AN14886,8.983333333333333,13.254351851851851
AN14971,49.35,18.232592592592592
AN03275,25.533333333333335,16.839907407407406
AN03523,70.38333333333334,32.62222222222223
AN04451,2.2333333333333334,9.023263888888888
AN11174,2.5383333333333336,1.4143333333333334
AN23101,26.95,18.56907407407407
AN00633,22.395555555555557,19.752777777777776
AN08176,18.841666666666665,15.344888888888889
AN08221,11.733333333333333,5.167037037037036
AN08624,26.191666666666666,18.70277777777778
AN09991,5.55,9.726111111111111
AN14777,8.383333333333333,8.839305555555555
AN06261,2.4,11.964074074074071
AN06662,2.6166666666666667,9.466666666666667
AN07041,37.6,23.25
AN11345,4.833333333333333,14.28888888888889
AN11557,21.296666666666667,15.171111111111111
AN11740,12.3,8.241111111111111
AN13075,6.566666666666666,14.945185185185187
AN01007,13.134722222222223,8.309166666666668
AN05258,15.783333333333333,13.190972222222221
AN16545,15.383333333333333,10.48259259259259
AN24578,40.255833333333335,22.354074074074077
AN00911,71.11666666666666,39.97527777777778
AN04868,2.566666666666667,1.6841666666666668
AN08132,7.4,5.12
AN07614,5.966666666666667,7.487500000000001
AN08461,17.5,13.416666666666666
AN24563,6.299444444444444,9.61898148148148
AN01885,15.912777777777778,10.494444444444445
AN06060,4.85,10.953148148148147
AN09638,6,5.195833333333334
AN11588,5.583333333333333,12.005555555555555
AN14383,31.379444444444445,16.46537037037037
AN24438,42.88055555555555,21.637962962962963
AN03512,4.6175,3.818412698412699
AN03589,5.137222222222222,2.206851851851852
AN04773,9.2875,11.18888888888889
AN08504,2.0661111111111112,1.2636805555555557
AN12384,12.45,4.566666666666666
AN22191,9.41388888888889,7.914444444444445
AN24581,15.016666666666667,7.5475
AN00210,14.371944444444445,9.428611111111111
AN02693,24.929444444444446,19.432037037037038
AN03816,37.6,20.948796296296297
AN04099,3.598888888888889,6.4405
AN06244,3.312222222222222,5.815555555555555
AN06878,9.933333333333334,4.466666666666667
AN09831,18.220833333333335,10.034722222222223
AN13683,13.383333333333333,12.111111111111109
AN15459,2.4,1.9575
AN23258,7.35,9.809907407407406
AN23384,17.766666666666666,11.160833333333333
AN01047,25.366666666666667,16.888425925925926
AN12392,17.916666666666668,6.727777777777778
AN08518,17.983333333333334,15.835069444444445
AN10949,20.366666666666667,13.545833333333336
AN11615,2.6166666666666667,13.320763888888887
AN16898,5.116666666666666,11.158148148148149
AN24491,4.056666666666667,11.046851851851853
AN24850,5.287222222222222,8.132592592592593
AN00852,2.643611111111111,5.361481481481481
AN00973,21.22,11.939277777777779
AN01767,7.623333333333333,4.048981481481481
AN02179,9.369444444444444,9.256018518518518
AN03767,7.05,11.25
AN06636,16.85,10.521666666666667
AN09593,13.671666666666667,4.835
AN18014,4.069444444444445,17.546875
AN18206,14.6,13.416574074074072
AN18639,14.359166666666667,13.639722222222224
AN00862,45.132777777777775,24.72284722222222
AN03696,9.669722222222223,15.459375
AN05761,5.2,12.550000000000002
AN05799,17.269166666666667,5.982407407407408
AN06777,5.157777777777778,7.887152777777778
AN08565,16.65222222222222,15.479907407407408
AN10090,7.427777777777778,17.319814814814816
AN15973,21.116666666666667,7.552962962962963
AN16014,7.2316666666666665,3.867152777777778
AN22669,8.65,5.719236111111112
AN23792,8.355555555555556,5.812592592592593
AN03683,15.914166666666667,9.999537037037037
AN03772,34.00138888888889,17.786944444444444
AN06759,9.916666666666666,9.474444444444444
AN09656,6.666666666666667,5.122407407407407
AN11004,5.9,7.376018518518518
AN11766,14.369166666666667,12.228611111111112
AN13001,5.5,2.7391666666666667
AN23952,17.394444444444446,14.005648148148149
AN01326,22.4825,12.553425925925927
AN05324,3.0166666666666666,1.5556481481481483
AN06745,5.133333333333334,5.815555555555556
AN07840,8.612777777777778,8.548124999999999
AN08320,2.8002777777777776,1.7540740740740741
AN15541,21.026944444444446,9.166458333333333
AN22687,8.298333333333334,9.567291666666668
AN05140,2.1108333333333333,6.520277777777777
AN11176,9.666666666666666,10.049999999999999
AN16756,5.9,9.541805555555555
AN24025,5.95,15.034351851851852
AN00170,27.083333333333332,20.253148148148146
AN00695,15.266111111111112,14.810925925925924
AN00813,2.516388888888889,8.021180555555556
AN02469,42.06361111111111,24.486851851851853
AN03155,2.9347222222222222,5.621851851851852
AN03514,16.955,12.053333333333333
AN09568,8.908333333333333,8.1625
AN10350,11.75,6.275208333333333
AN10946,9.05,3.3111111111111113
AN11832,5.808055555555556,4.620486111111112
AN17684,9.716666666666667,9.294907407407408
AN21993,2.390277777777778,5.428888888888889
AN00098,3.6333333333333333,11.765777777777776
AN02207,9.45,30.47673611111111
AN04930,4.089444444444444,6.108263888888889
AN06623,14.775,9.026574074074075
AN07877,2.7508333333333335,7.905833333333334
AN08020,15.618055555555555,10.182500000000001
AN11918,4.55,3.9330555555555553
AN13928,8.116666666666667,25.713263888888893
AN22101,3.2583333333333333,3.488645833333334
AN23342,17.15,14.605555555555554
AN24804,44.86666666666667,23.143611111111113
AN02813,8.589444444444444,13.991527777777778
AN03987,18.399722222222223,14.821296296296296
AN04611,15.212777777777777,9.158703703703702
AN04909,15.983333333333333,11.135972222222222
AN05245,8.861944444444445,7.574351851851852
AN10938,9.966666666666667,9.472222222222221
AN13118,38.205,15.58875
AN13771,2.5166666666666666,1.6991666666666667
AN01817,19.666666666666668,12.099814814814815
AN02960,13,12.183263888888888
AN08128,9.383333333333333,10.733055555555557
AN08356,8.975833333333334,5.024907407407408
AN09649,12.15,11.245277777777778
AN10214,9.178611111111111,7.251990740740741
AN24712,7.483333333333333,11.657685185185185
AN00158,20.174166666666668,16.915000000000003
AN07498,9.783333333333333,11.385833333333332
AN08719,7.333333333333333,7.800000000000001
AN11423,9.47,6.979444444444444
AN11651,9.533333333333333,7.566031746031746
AN15191,2.066666666666667,6.021018518518519
AN02135,4.4,4.737152777777778
AN03306,7.516666666666667,11.948263888888889
AN03955,5.447222222222222,7.010185185185185
AN06363,17.95,6.473425925925926
AN10263,2.093888888888889,13.607685185185185
AN10280,14.804166666666667,5.318611111111111
AN24257,15.316666666666666,15.092407407407407
AN02116,14.233333333333333,12.701018518518518
AN06159,2.8097222222222222,6.294814814814814
AN11854,14.109722222222222,13.556597222222223
AN15008,311.8666666666667,111.93268518518518
AN24284,3.8219444444444446,6.635555555555555
AN02128,4.286944444444444,11.699444444444445
AN02463,19.083333333333332,14.467638888888889
AN03761,28.724166666666665,14.367222222222223
AN04751,2.5833333333333335,4.942777777777778
AN15915,7.05,5.998055555555556
AN24542,18.933333333333334,34.9415
AN02180,3.8025,1.908611111111111
AN03694,7.6658333333333335,4.76638888888889
AN04284,4.990833333333334,5.322708333333334
AN06395,5.386666666666667,3.74
AN06597,33.21861111111111,18.800648148148145
AN06718,16.605,14.1825
AN08144,38.38916666666667,16.874166666666667
AN24378,9.017222222222221,12.015185185185183
AN24803,5.036388888888889,14.655277777777776
AN00702,14.3,13.545648148148148
AN00710,8.083333333333334,8.178166666666668
AN04845,2.0833333333333335,3.8772916666666664
AN07723,6.35,13.083333333333334
AN11117,21.634166666666665,17.75935185185185
AN11517,9.066666666666666,7.401527777777777
AN14919,8.866666666666667,6.149166666666667
AN01792,9.883333333333333,5.000555555555556
AN08092,3.25,2.7944444444444443
AN10998,3.8,13.083240740740742
AN11672,9.566666666666666,7.4373611111111115
AN03645,2.3,1.6168055555555556
AN05985,21.316666666666666,16.594444444444445
AN06132,23.316666666666666,8.534166666666666
AN06251,5.238611111111111,6.214583333333334
AN09790,2.1444444444444444,8.425833333333333
AN21814,4.95,2.8662962962962966
AN00392,37.53805555555556,20.32925925925926
AN08398,3.6038888888888887,6.634722222222222
AN08519,17.76638888888889,16.741388888888892
AN10261,2.0166666666666666,5.367175925925925
AN12028,26.716666666666665,20.48888888888889
AN23491,18.052222222222223,7.752083333333333
AN24772,5.006388888888889,7.0754629629629635
AN00317,2.387777777777778,10.365092592592593
AN03655,4.543055555555555,10.097685185185185
AN03980,3.4611111111111112,2.9419444444444447
AN04271,17.233333333333334,14.654537037037038
AN15982,4.516666666666667,14.107888888888889
AN22009,3.2783333333333333,1.8822222222222222
AN00542,9.133333333333333,3.329722222222222
AN00908,3.9166666666666665,3.9459126984126986
AN04972,34.85527777777778,14.906944444444445
AN05198,45.63333333333333,27.79444444444444
AN06321,3.422222222222222,2.9736111111111114
AN08344,21.733333333333334,9.184047619047618
AN08605,3.8516666666666666,6.399930555555557
AN09902,20.567222222222224,13.543541666666666
AN13626,2.9547222222222222,10.85951388888889
AN08488,6.246111111111111,5.130416666666666
AN10363,23.875833333333333,13.358611111111111
AN15308,24.261111111111113,8.763425925925928
AN21779,9.448611111111111,8.019907407407407
AN24014,2.1,5.775740740740741
AN04677,7.730833333333333,11.209166666666667
AN08167,13.716111111111111,8.267314814814815
AN08593,50.35,31.577291666666667
AN11415,2.064722222222222,3.9859722222222222
AN02606,16.52,5.939351851851852
AN03977,11.91611111111111,7.672037037037036
AN05957,6.283333333333333,8.022222222222224
AN11031,8.633333333333333,13.77625
AN13385,10.9,4.192685185185185
AN24779,17.22277777777778,14.87638888888889
AN02528,2.95,1.8050925925925927
AN02644,9.033333333333333,12.710092592592593
AN08555,13.385555555555555,9.180833333333332
AN24514,13.645277777777778,12.903703703703703
AN00080,21.25,16.878148148148146
AN00914,24.339166666666667,18.990092592592593
AN04898,2.2333333333333334,8.177777777777777
AN05671,19.3825,10.917314814814816
AN23060,7.8,9.750277777777777
AN23545,17.877222222222223,16.10796296296296
AN24125,2.7333333333333334,7.897083333333334
AN25249,22.12,21.006666666666664
AN02229,9,13.752539682539682
AN15346,4.25,7.751481481481481
AN16405,11.906666666666666,4.488425925925926
AN01930,9.716666666666667,16.567962962962962
AN03234,15.167777777777777,14.643796296296296
AN04813,8.9875,9.953796296296296
AN06056,2.0269444444444447,4.757037037037037
AN06079,2.5155555555555558,8.284444444444444
AN06542,2.9166666666666665,11.555555555555555
AN06772,16.533333333333335,9.99824074074074
AN08336,3.1622222222222223,4.4690972222222225
AN11620,4.4,5.241666666666667
AN13712,2.7616666666666667,8.457731481481483
AN00781,9.359166666666667,6.828095238095239
AN01418,2.35,8.745277777777778
AN02827,8.7,6.852222222222221
AN06259,3.4091666666666667,8.217407407407409
AN14735,12.181666666666667,9.543055555555556
AN15462,4.666666666666667,12.522222222222224
AN01514,13.7,5.531203703703704
AN04531,3.95,10.726203703703703
AN05171,17.666666666666668,6.6114444444444445
AN07599,15.7,13.294259259259258
AN23107,3.4186111111111113,35.905
AN00249,7.7,16.266666666666666
AN02301,9.816666666666666,12.123055555555556
AN04747,5.814166666666667,11.691041666666665
AN13245,5.239166666666667,10.383194444444445
AN13728,2,9.018541666666668
AN17068,9.931666666666667,9.094861111111111
AN00230,3.312777777777778,9.090694444444443
AN04204,9.75,10.972222222222223
AN04236,9.283333333333333,5.611111111111112
AN06336,2.6766666666666667,2.3201851851851854
AN08645,5.466666666666667,16.08861111111111
AN08718,13.516666666666667,7.025
AN09982,3.3833333333333333,4.043777777777779
AN10138,8.537222222222223,12.613472222222224
AN17800,2.2333333333333334,11.96111111111111
AN00768,5.366388888888889,10.38324074074074
AN05176,12.166666666666666,8.35
AN07641,15.216666666666667,7.35
AN11692,24.733333333333334,16.837777777777777
AN16291,13.933333333333334,8.589814814814813
AN24370,2.7333333333333334,5.662037037037037
AN24624,7.950833333333334,19.27326388888889
AN01115,24.789166666666667,15.438819444444444
AN01707,39.96666666666667,21.601527777777783
AN04335,9.516666666666667,5.050833333333334
AN04346,3.4741666666666666,2.541388888888889
AN08741,18.244444444444444,9.984351851851853
AN08988,8.2,3.783333333333333
AN11808,3.55,14.972222222222221
AN13397,8.742222222222223,6.299791666666667
AN14622,7.866666666666666,8.545694444444443
AN07357,8.95,9.716666666666667
AN08579,22.616944444444446,13.426759259259262
AN10963,15.333333333333334,13.655555555555557
AN11943,9.018888888888888,7.272962962962963
AN16184,9.083333333333334,28.111111111111114
AN19792,36.38333333333333,23.133333333333336
AN21725,6.649444444444445,3.1704629629629633
AN24877,3.537777777777778,6.4965972222222215
AN02916,14.276944444444444,3.3687777777777783
AN03653,18.75,12.346805555555555
AN07945,6.220555555555555,12.426944444444445
AN09664,39.72666666666667,19.952916666666667
AN11012,3.1166666666666667,14.606555555555556
AN13769,21.091944444444444,6.948555555555555
AN15949,2.316666666666667,5.346018518518519
AN06393,15.1575,10.235833333333334
AN06408,14.566666666666666,12.625694444444443
AN14653,13.216666666666667,8.8475
AN14739,8.223611111111111,15.679652777777779
AN16735,14.9,5.250000000000001
AN05217,21.9,13.097407407407408
AN05971,7.466666666666667,3.091666666666667
AN06792,2.1019444444444444,1.4291666666666665
AN08210,4.516666666666667,3.9194444444444443
AN14572,4.45,12.86648148148148
AN15394,6.783333333333333,9.77222222222222
AN15958,3.4002777777777777,7.5176388888888885
AN00772,4.483333333333333,6.28701388888889
AN01543,16.166666666666668,5.066249999999999
AN06454,3.7333333333333334,3.5
AN08420,9.23638888888889,9.487777777777778
AN08455,18.7,8.898888888888889
AN10153,3.3333333333333335,15.0625
AN10823,7.838333333333333,13.863263888888888
AN15733,37,17.219027777777775
AN00668,14.2,13.228680555555556
AN01886,4.916666666666667,13.243055555555557
AN02013,22.033333333333335,13.5
AN03195,11.080833333333333,4.2380555555555555
AN06603,2.9925,6.543958333333333
AN08042,5.416666666666667,5.5339583333333335
AN08049,4.4,3.066666666666667
AN08581,36.483333333333334,21.634444444444444
AN11608,2.35,13.241111111111111
AN00732,24.966666666666665,12.757314814814814
AN04016,6.528611111111111,4.259537037037037
AN06006,9.75,5.238888888888888
AN13162,25.925,16.469444444444445
AN13749,2.05,1.2915277777777776
AN24539,5.265,9.207152777777777
AN15083,3.7,2.6532407407407406
AN22893,5.793611111111111,7.839722222222223
AN23574,18.545277777777777,12.80298611111111
AN24722,4.823611111111111,8.416777777777778
AN00093,25.494444444444444,12.730972222222224
AN00866,50.2,13.458055555555557
AN01584,9.133333333333333,9.36111111111111
AN06959,4.403333333333333,9.295555555555556
AN11435,1.6283333333333334,0.8909722222222222
AN15037,0.7166666666666667,0.37222222222222223
AN21799,2.5833333333333335,4.552083333333333
AN23357,13.971111111111112,12.650902777777778
AN24314,16.8,15.29787037037037
AN24659,4.283888888888889,15.563981481481482
AN01168,22.733333333333334,6.764444444444445
AN08464,26.391944444444444,9.913981481481482
AN15427,13.84361111111111,13.23074074074074
AN23014,5.717222222222222,7.134814814814814
AN01978,3.966666666666667,12.827314814814812
AN03901,9.491666666666667,7.623333333333334
AN08271,64.25,16.70422222222222
AN14452,9.566666666666666,11.572222222222223
AN24173,5.141111111111111,3.027037037037037
AN06348,14.79,5.985555555555556
AN08448,9.716666666666667,6.55888888888889
AN08477,18.483333333333334,12.157222222222222
AN09819,4.516666666666667,2.9277777777777776
AN14972,38.75,19.202083333333334
AN19155,8.40638888888889,3.8588888888888895
AN06918,9.85,14.15
AN09970,16.866666666666667,10.963796296296296
AN10851,9.94361111111111,8.303425925925927
AN12936,62.733333333333334,21.083333333333336
AN16967,8.762777777777778,8.570925925925925
AN24440,12.748611111111112,4.552685185185186
AN06180,21.099722222222223,11.168935185185186
AN09563,6.966666666666667,3.4166666666666665
AN10331,9.985555555555555,3.828518518518518
AN14099,9.533333333333333,7.089222222222223
AN17556,13.550555555555556,11.93824074074074
AN18910,3.8516666666666666,13.4
AN23888,3.6547222222222224,7.045277777777778
AN01318,5.683333333333334,2.3800000000000003
AN02058,15.616666666666667,13.14564814814815
AN02332,5.831388888888889,2.9378703703703706
AN06422,9.9,8.619490740740742
AN06673,9.333333333333334,7.307037037037037
AN08079,12.965,12.69574074074074
AN12944,4.433333333333334,13.743796296296296
AN15887,3.65,2.7882407407407404
AN24502,7.866666666666666,13.023796296296297
AN00318,17.29361111111111,9.720092592592593
AN03661,5.883333333333334,6.7095370370370375
AN03751,17.016666666666666,6.111481481481481
AN03962,37.7,22.531041666666667
AN08256,4.5425,17.086759259259257
AN10274,20.5,15.601180555555556
AN11327,2.55,8.716527777777777
AN15466,9.483333333333333,11.067777777777778
AN00573,2.6783333333333332,1.9101851851851854
AN08040,8.766666666666667,8.234444444444444
AN08375,3.356388888888889,7.5645
AN08602,7.453888888888889,3.7812777777777775
AN11204,5.161666666666667,4.872870370370371
AN11694,2.7463888888888888,1.59875
AN13764,5.964444444444444,6.94486111111111
AN15106,3.0419444444444443,5.344074074074073
AN23709,34.21666666666667,21.180000000000003
AN01548,9.68361111111111,13.167407407407408
AN02694,3.4525,8.909236111111111
AN06069,13.834722222222222,9.067129629629628
AN08166,2.5166666666666666,12.033444444444445
AN14773,6.043333333333333,2.281111111111111
AN15556,12.641388888888889,4.645925925925925
AN23128,48.727222222222224,35.89675925925926
AN24961,8.866666666666667,8.26736111111111
AN01492,9.678888888888888,8.919814814814815
AN02217,55.35305555555556,28.924722222222226
AN03262,8.2716666666666665,8.83361111111111
AN04374,17.266666666666666,15.683472222222221
AN11192,11.816666666666666,6.124513888888889
AN23506,20.334444444444443,12.679814814814813
AN04530,59.4725,20.227
AN06276,23.4,17.456574074074073
AN06301,8.1,4.155555555555555
AN06938,9.950833333333334,4.14675925925926
AN08332,2.075833333333333,5.750185185185185
AN08386,9.716666666666667,10.426527777777778
AN13657,6.566666666666666,21.805555555555557
AN14812,23.95,12.694444444444445
AN21944,4.027777777777778,3.0065555555555554
AN07810,7.6258333333333335,7.048703703703704
AN10356,9.484166666666667,13.789166666666667
AN11199,7.767777777777778,4.268611111111111
AN17470,17.433333333333334,16.283333333333335
AN24435,16.2025,14.731481481481481
AN02450,9.166666666666666,16.01111111111111
AN02698,3.1,2.5533333333333332
AN04305,17.238611111111112,9.621666666666668
AN08498,39.74472222222222,21.799814814814813
AN09942,3.65,5.472222222222222
AN10238,3.688888888888889,2.0962962962962965
AN10317,15.616666666666667,10.728541666666667
AN14637,3.7333333333333334,10.236319444444444
AN02255,23.15,12.910902777777778
AN07458,12.7,8.283333333333333
AN12033,6.132777777777778,3.096666666666667
AN13197,34.85,20.272222222222222
AN01338,9.129722222222222,12.747499999999999
AN03493,6.295,7.788333333333333
AN04983,14.518055555555556,9.661574074074075
AN07983,24.549722222222222,18.01231481481481
AN17672,13.904166666666667,8.945833333333333
AN00644,17.88083333333333,12.92048611111111
AN02049,5.762222222222222,11.62
AN04616,12.295555555555556,4.980370370370371
AN04686,4.766666666666667,11.50662037037037
AN04712,20.783333333333335,11.079351851851852
AN12081,4.25,7.355555555555555
AN15633,9.433333333333334,10.159074074074075
AN22805,3.1838888888888888,6.616851851851852
AN01459,41.81527777777778,23.699166666666667
AN09394,17.916666666666668,10.561111111111112
AN09718,14.329722222222221,12.520462962962965
AN16417,18.2,15.23777777777778
AN21538,22.93777777777778,11.97925925925926
AN01351,2.683333333333333,4.8242361111111105
AN06507,17.300833333333333,10.21962962962963
AN09926,2.066666666666667,1.6194444444444445
AN11741,91.36666666666666,40.9225
AN13713,24.833333333333332,13.954074074074073
AN15180,14.2,5.989814814814814
AN18309,265.58916666666664,99.95898148148147
AN02632,13.5,8.487962962962962
AN04306,2.4,5.324375
AN09109,29.533333333333335,22.73888888888889
AN10315,22.156388888888888,17.848425925925927
AN14303,8.352777777777778,3.8787037037037035
AN19788,13.3,38.62916666666667
AN25081,18.095,14.089166666666666
AN02335,9.638333333333334,9.20037037037037
AN03649,4.9063888888888885,8.788425925925925
AN03842,41.81666666666667,24.339629629629627
AN04705,6.083333333333333,5.572111111111111
AN06339,4.829166666666667,4.369027777777777
AN13592,9.45,11.0
AN01328,5.583333333333333,13.917430555555555
AN04445,7.783333333333333,4.8066666666666675
AN05200,25.6,13.070555555555554
AN06199,9.633333333333333,12.147777777777778
AN07895,9.955,18.674374999999998
AN09995,20.2,14.913263888888887
AN10934,19.20111111111111,15.411759259259261
AN15306,25.21,19.783148148148147
AN17473,2.1666666666666665,1.2325
AN21764,22.083333333333332,16.36759259259259
AN01143,2.368611111111111,13.128425925925924
AN03437,14.064166666666667,13.957129629629629
AN05229,16.8,11.325185185185186
AN06741,2.1166666666666667,10.24685185185185
AN24035,2.6319444444444446,1.649537037037037
AN00717,7.226944444444444,11.581203703703702
AN03614,9.815,6.000198412698412
AN11673,6.471666666666667,18.612777777777776
AN15811,9.733333333333333,6.665499999999999
AN03590,3.5980555555555553,8.586574074074074
AN10241,2.5,1.0166666666666666
AN13305,32.31055555555555,19.514629629629628
AN16311,20.94527777777778,8.076666666666668
AN17181,7.323333333333333,8.179629629629629
AN22177,4.038055555555555,7.630416666666667
AN23799,6.91,6.676666666666667
AN24913,13.133055555555556,4.989814814814815
AN00159,9.176388888888889,15.940092592592592
AN03110,8.44138888888889,4.131851851851852
AN03499,17.315277777777776,10.703148148148147
AN04740,7.189722222222223,7.024027777777778
AN05547,18.033333333333335,7.23888888888889
AN06514,25.3,19.132777777777775
AN06689,4.658611111111111,10.543518518518518
AN08508,7.133333333333334,8.450601851851852
AN09707,4.283333333333333,2.244444444444444
AN10224,2.8466666666666667,9.894166666666667
AN25215,34.757777777777775,9.194097222222222
AN00231,8.91611111111111,7.386296296296297
AN02535,4.316666666666666,2.936574074074074
AN04344,5.75,5.0147916666666665
AN08124,18,13.566736111111112
AN08628,14.916666666666666,13.02222222222222
AN10095,14.016666666666667,13.769722222222223
AN11834,14.5,14.233333333333334
AN23476,7.1786111111111115,7.0694444444444455
AN25002,2.3247222222222224,10.059629629629631
AN01006,8.616666666666667,12.527777777777779
AN02784,7.633333333333334,7.483055555555556
AN03447,4.366666666666666,1.3752083333333334
AN05193,4.612222222222222,8.061388888888889
AN06394,5.383333333333334,17.80986111111111
AN06699,2.0705555555555555,6.633518518518518
AN08429,3.0722222222222224,4.877777777777778
AN08468,20.59,8.242314814814813
AN09934,4.5,8.683680555555556
AN11940,9.366666666666667,13.122129629629631
AN13924,6.061388888888889,10.720069444444444
AN23891,3.562777777777778,5.785555555555555
AN24193,9.576666666666666,11.646203703703705
AN00662,8.166666666666666,9.057916666666666
AN02390,65.21666666666667,31.343425925925924
AN07126,3.7333333333333334,10.383333333333333
AN08077,21.166666666666668,13.58125
AN08405,9.574444444444444,3.959166666666666
AN08695,13.846666666666666,8.982222222222221
AN08739,3.011111111111111,1.7148148148148146
AN10063,4.897777777777778,10.456018518518517
AN14657,9.333333333333334,13.347291666666667
AN23472,23.543055555555554,12.102685185185186
AN04970,16.5,13.755555555555555
AN05197,8.75,11.101759259259259
AN14140,4.143611111111111,8.284537037037039
AN14367,4.361111111111111,3.298148148148148
AN15073,9.270555555555555,4.299444444444444
AN23676,20.0975,17.89027777777778
AN01724,6.183333333333334,11.38861111111111
AN02297,2.183333333333333,10.261203703703703
AN02762,5.95,14.667430555555557
AN06357,15.966666666666667,14.352685185185186
AN11417,3.675,11.760763888888889
AN08307,7.9,4.015833333333333
AN10130,23.616666666666667,13.883333333333335
AN11655,19.633333333333333,11.4
AN13703,48.75,20.272222222222222
AN16585,9.583333333333334,3.361111111111111
AN17533,2.4769444444444444,10.166203703703705
AN25227,2.3452777777777776,6.505722222222222
AN03579,5.256388888888889,8.616712962962962
AN12987,6.9,8.386203703703703
AN16332,5.316666666666666,6.761296296296297
AN23533,2.85,1.645925925925926
AN00951,33.233333333333334,20.94888888888889
AN03860,2.0166666666666666,8.94287037037037
AN09761,3.25,7.6000000000000005
AN16930,3.6666666666666665,5.898194444444444
AN23608,8.858333333333333,13.471250000000001
AN23631,14.891111111111112,13.816319444444446
AN23854,6.933333333333334,9.945925925925927
AN24691,9.048333333333334,12.022592592592593
AN00997,5.455277777777778,12.294055555555556
AN01655,7.583333333333333,4.833148148148148
AN02311,14.797222222222222,10.026111111111112
AN02510,2.9166666666666665,7.346666666666667
AN02686,8.8,10.530092592592593
AN04052,26.816666666666666,20.08888888888889
AN04824,12.018888888888888,4.71
AN05623,9.583333333333334,7.166759259259258
AN07094,4.55,8.362499999999999
AN15998,7.216666666666667,10.017129629629629
AN22347,19.09861111111111,15.483796296296296
AN24504,8.819444444444445,10.640185185185187
AN05955,8.05,9.179166666666667
AN06243,26.086388888888887,16.312685185185185
AN06287,14.442777777777778,12.969814814814816
AN08240,7.526944444444444,8.87548611111111
AN09730,7.3475,12.031203703703705
AN09842,17.7,15.0
AN15785,9.883333333333333,6.476666666666667
AN23436,79.9336111111111,35.36074074074074
AN24290,27.219166666666666,10.034166666666666
AN24736,5.116666666666666,11.456018518518519
AN25044,4.032222222222222,7.8096296296296295
AN02543,9.047222222222222,4.320648148148148
AN03203,7.889166666666667,5.623444444444445
AN03535,2.5727777777777776,13.181180555555557
AN06805,20.333333333333332,18.19638888888889
AN15688,9.669166666666667,6.43837962962963
AN21930,22.06861111111111,13.108402777777778
AN00461,2.675,7.661388888888889
AN02842,18.6,10.231388888888889
AN17049,7.426666666666667,13.024722222222223
AN22229,2.7516666666666665,7.715555555555556
AN03677,3.7355555555555555,12.460694444444446
AN05155,2.2,7.526388888888889
AN06935,8.816666666666666,3.5108333333333333
AN08437,7.633333333333334,14.382611111111112
AN08828,2.783333333333333,6.0
AN09935,2.758611111111111,6.508263888888889
AN09952,4.733333333333333,12.385388888888889
AN11405,14.195,9.995555555555557
AN15799,60.333333333333336,27.442592592592593
AN16046,4.716666666666667,5.762870370370371
AN18584,9.410833333333333,14.699791666666666
AN02985,9.323333333333334,14.015925925925927
AN03183,9.285277777777777,13.402407407407408
AN08499,15.266666666666667,10.061111111111112
AN11496,17.6,14.326944444444445
AN12246,4.033333333333333,6.388888888888889
AN21852,10.397777777777778,6.9225
AN24528,9.023888888888889,7.020555555555556
AN25051,14.935277777777777,13.667314814814816
AN04994,3.533333333333333,10.280111111111111
AN07930,6.166666666666667,6.311296296296297
AN09881,16.115833333333335,15.1275
AN10943,8.283333333333333,3.715833333333333
AN14395,82.58333333333333,36.28287037037037
AN14521,30.083333333333332,18.7375
AN14543,7.825,12.241333333333333
AN18094,24.616666666666667,20.994629629629628
AN23532,9.683333333333334,10.869351851851853
AN01090,5.95,4.33574074074074
AN13858,8.677222222222222,5.405666666666667
AN23993,17.066666666666666,13.21712962962963
AN00298,21.5325,8.90111111111111
AN00708,14.527222222222223,13.634351851851852
AN02333,60.733333333333334,27.081458333333334
AN02773,8.476944444444445,12.715763888888887
AN02972,4.441111111111111,6.706481481481482
AN06568,21.10972222222222,18.8887037037037
AN07062,5.616666666666666,3.729537037037037
AN07082,14.05,12.422222222222222
AN13366,12.666666666666666,8.25861111111111
AN13861,9.787777777777778,11.150740740740742
AN14893,40.65,20.631851851851852
AN15157,70.07694444444445,21.578333333333337
AN17466,14.811388888888889,9.31925925925926
AN00316,13.674722222222222,12.955277777777777
AN00558,9.816666666666666,7.8445833333333335
AN01260,13.725,6.034999999999999
AN03650,16.816666666666666,9.762407407407409
AN05213,9.266666666666667,8.824722222222222
AN07057,8.183333333333334,2.463888888888889
AN08102,9.8,6.339074074074074
AN08195,8.7525,8.727407407407407
AN08765,7.4222222222222225,7.039305555555556
AN13343,3.933333333333333,2.687314814814815
AN24268,70.23666666666666,31.800833333333333
AN00511,16.44,14.375833333333333
AN01091,23.374166666666667,22.035833333333333
AN01128,7.921944444444445,9.138819444444444
AN03963,8.016666666666667,11.301481481481481
AN05065,9.075,13.139444444444445
AN06523,60.56722222222222,28.64377777777778
AN07901,5.983333333333333,23.04444444444444
AN08720,2.7666666666666666,11.177685185185185
AN21689,46.27638888888889,27.144722222222224
AN02538,3.05,10.366666666666667
AN02857,9.434166666666666,6.601527777777777
AN04598,42.21666666666667,22.255416666666665
AN07752,9.15,6.038888888888889
AN08078,7.219722222222222,7.836111111111111
AN10870,2.683333333333333,5.472222222222221
AN16073,3.448888888888889,12.797407407407405
AN21950,22.720833333333335,17.380208333333332
AN22852,15.883333333333333,8.178541666666666
AN23308,13.605555555555556,12.034537037037039
AN23882,5.868888888888889,3.333425925925926
AN01847,34.36666666666667,13.373472222222222
AN04049,1.6166666666666667,1.1611111111111112
AN08570,44.666666666666664,21.98333333333333
AN09765,3.4825,3.668055555555555
AN13805,8.933333333333334,8.991666666666667
AN21824,6.016666666666667,12.817152777777778
AN02005,8.883333333333333,8.812962962962963
AN06279,14.945277777777777,13.943333333333333
AN08084,5.283333333333333,9.96972222222222
AN12362,19.6,12.033333333333333
AN15224,9.6,6.820185185185186
AN01074,5.968055555555556,3.6512962962962963
AN02379,19.6,14.042222222222222
AN04934,11.423055555555555,5.996296296296296
AN06418,14.85,13.20537037037037
AN11068,2.25,9.822222222222223
AN15474,3.316666666666667,13.266666666666666
AN15912,3.7691666666666666,4.464166666666666
AN01196,3.9,2.5393055555555555
AN06140,4.2,10.145925925925924
AN11656,45.37583333333333,20.108796296296294
AN11924,9.9,8.944444444444445
AN16492,1.9333333333333333,0.9434722222222223
AN22085,41.1,16.30097222222222
AN22822,9.233333333333333,10.509166666666667
AN04277,16.866666666666667,14.170462962962963
AN05049,9.766666666666667,11.996944444444445
AN08091,9.816666666666666,10.892129629629629
AN08471,20.116666666666667,15.497569444444444
AN09173,2.7,7.205555555555556
AN12164,11.1,4.7444444444444445
AN13215,9.547777777777778,26.992962962962963
AN14960,5.088611111111111,11.104351851851852
AN22728,4.378611111111111,2.851111111111111
AN24216,16.551666666666666,10.231851851851852
AN24517,16.086666666666666,13.806666666666667
AN00320,47.65,22.70652777777778
AN01130,9.025833333333333,3.7255555555555553
AN04666,8.6,10.644444444444446
AN08562,2.8447222222222224,4.445444444444444
AN22589,2.3833333333333333,11.540462962962962
AN00522,8.266666666666667,10.128333333333334
AN00937,9.016666666666667,12.738888888888889
AN04533,3.5766666666666667,11.122916666666667
AN09958,2.8333333333333335,6.922222222222222
AN21905,5.6161111111111115,7.332037037037036
AN22725,13.270277777777778,12.073425925925926
AN01135,6.733333333333333,15.006018518518518
AN01769,9.158055555555556,8.413402777777778
AN05212,2.3666666666666667,1.038888888888889
AN06456,6.949722222222222,6.233263888888889
AN06502,15.213611111111112,5.958611111111111
AN03126,5.533333333333333,8.310888888888888
AN04420,6.698611111111111,9.639444444444445
AN05246,8.733333333333333,6.461111111111111
AN12015,4.6,8.757314814814814
AN15072,19.05,14.605555555555554
AN15986,3.5,9.295462962962963
AN21853,2.7488888888888887,5.631666666666667
AN00233,2.55,9.962685185185185
AN03592,8.533333333333333,3.981180555555555
AN03642,15.833333333333334,13.222222222222221
AN04464,5.883333333333334,1.702037037037037
AN05770,5.9,1.5394841269841268
AN08335,3.2058333333333335,4.7202777777777785
AN24350,9.790555555555555,5.025833333333333
AN00387,16.583333333333332,13.427685185185185
AN03179,8.1375,7.674777777777777
AN04849,3.1666666666666665,5.945833333333333
AN06782,4.541111111111111,5.955925925925926
AN09919,15.486944444444445,9.545648148148148
AN09977,5.001666666666667,2.8129166666666667
AN14839,22.261388888888888,16.424907407407407
AN24127,19.572222222222223,15.331851851851852
AN01017,3.0525,8.172222222222222
AN02010,61.79361111111111,25.702569444444443
AN03467,14.033333333333333,5.03537037037037
AN03657,12.7625,11.759166666666667
AN03849,3.7666666666666666,17.4625
AN05328,3.7,10.260092592592592
AN06901,3.7,4.615347222222223
AN09784,4.9,3.216666666666667
AN19102,7.768611111111111,11.090555555555556
AN21909,3.4705555555555554,2.334722222222222
AN01868,2.7133333333333334,1.5651851851851852
AN10173,19.099444444444444,7.183148148148148
AN15455,15.1,5.766666666666667
AN23353,12.583333333333334,11.85101851851852
AN23863,6.506388888888889,8.003055555555555
AN24387,60.275,29.867083333333333
AN03255,30.789722222222224,22.077685185185185
AN08293,5.783333333333333,3.7565740740740736
AN08340,9.9775,23.50611111111111
AN11953,2.55,3.755625
AN13241,9.777777777777779,11.349722222222221
AN14337,3.95,10.26902777777778
AN16005,5.8,7.639777777777778
AN16392,16.55,10.861111111111112
AN18370,13.838888888888889,5.546018518518519
AN22395,26.741944444444446,14.766574074074077
AN23892,72.30361111111111,20.382569444444442
AN00812,24.583333333333332,15.754513888888889
AN08473,1.8,0.9417361111111111
AN10982,6.223333333333334,9.165972222222223
AN10987,40.4275,14.991944444444446
AN15938,5.116666666666666,3.395555555555555
AN23004,14.156666666666666,9.503703703703705
AN24139,4.021388888888889,10.740625
AN08746,40.29055555555556,26.428981481481483
AN10920,3.2333333333333334,5.4212037037037035
AN13934,11.338888888888889,10.914166666666667
AN17355,5.5925,10.483125000000001
AN00056,1.6725,0.8399074074074074
AN00803,18.814722222222223,13.571481481481483
AN04815,24.23111111111111,17.46425925925926
AN09788,19.666666666666668,11.82851851851852
AN09867,5.6925,10.247499999999999
AN10886,22.227222222222224,17.768981481481482
AN10941,15.333333333333334,11.323680555555557
AN22705,16.866666666666667,4.668095238095239
AN25085,7.855555555555555,9.47548611111111
AN02279,2.1019444444444444,6.865694444444445
AN10032,18.4,13.764666666666665
AN11625,5.433333333333334,9.348703703703704
AN24671,4.7555555555555555,3.2070370370370367
AN00116,45.025555555555556,28.641851851851854
AN03984,4.416666666666667,6.838125000000001
AN05455,4.216666666666667,10.04961111111111
AN08487,8.076666666666666,15.373750000000001
AN08774,26.833333333333332,13.616666666666665
AN13417,6.27,6.901111111111111
AN23328,14.066666666666666,12.228333333333333
AN01288,59.43333333333333,23.08188888888889
AN01624,5.0225,3.3611805555555554
AN02497,88.35,61.547037037037036
AN03908,2.95,6.008842592592592
AN17408,19.504444444444445,13.324222222222224
AN23981,14.224166666666667,13.388888888888891
AN01764,8.6075,11.504722222222224
AN04843,15.274722222222222,14.05398148148148
AN08213,7.079166666666667,6.441805555555556
AN08742,9.8,7.844444444444445
AN12140,36.583333333333336,9.39048611111111
AN14322,23.433333333333334,17.890462962962964
AN16021,3.2,13.877777777777775
AN06633,11.825833333333334,4.483148148148149
AN08299,6.514722222222222,11.142037037037037
AN15666,13.819444444444445,12.512037037037038
AN17353,2.65,6.038888888888889
AN21680,8.509166666666667,2.711666666666667
AN00824,8.939722222222223,29.50435185185185
AN00998,49.583333333333336,34.489444444444445
AN02143,3.9119444444444444,5.864097222222222
AN03443,19.199444444444445,11.18811111111111
AN04251,13.833333333333334,9.127777777777778
AN08397,7.816666666666666,4.665277777777778
AN14731,9.516666666666667,6.511555555555556
AN16496,9.983611111111111,6.88288888888889
AN17357,40.940555555555555,15.436250000000001
AN23243,15.866944444444444,9.622037037037037
AN05163,40.28333333333333,18.458666666666666
AN05515,20.15,12.988888888888889
AN10050,19.059166666666666,10.814166666666665
AN13365,8.898333333333333,6.064930555555555
AN13634,6.916666666666667,11.224259259259261
AN02759,22.826944444444443,11.319814814814814
AN04640,17.816666666666666,11.489444444444445
AN05037,45.63333333333333,26.805555555555554
AN07364,4.65,2.7055555555555557
AN12027,9.6,7.264537037037037
AN23153,13.775555555555556,9.099444444444444
AN05087,2.7397222222222224,4.959930555555555
AN05691,2.7333333333333334,4.883333333333334
AN09887,6.3533333333333335,10.023333333333333
AN10078,39.31861111111111,17.26298611111111
AN11007,7.916666666666667,9.550416666666667
AN13977,9.95,6.509629629629629
AN15356,3.8,10.298055555555555
AN15664,41.63333333333333,31.111388888888886
AN18104,14.3,5.687407407407409
AN19142,3.787777777777778,7.15212962962963
AN00369,3.85,10.578333333333333
AN06806,16.370833333333334,10.128981481481482
AN11077,9.902222222222223,4.656296296296296
AN11449,4.716666666666667,2.1
AN15637,9.8,11.689444444444446
AN18588,9.403333333333334,4.500833333333334
AN00257,9.85,4.777777777777778
AN03612,62.45,24.587083333333332
AN04865,12.066666666666666,4.9265740740740736
AN14233,4.495833333333334,1.593777777777778
AN00835,29.166666666666668,14.556111111111111
AN04681,15.172222222222222,13.47787037037037
AN07975,9.083333333333334,8.526833333333334
AN13832,3.623611111111111,11.097037037037039
AN03492,18.383333333333333,10.272222222222222
AN06693,61.016666666666666,18.047361111111112
AN08530,9.877222222222223,12.178518518518517
AN10059,3.28,9.612499999999999
AN12155,16.85,9.516666666666667
AN15292,3.9947222222222223,6.610388888888889
AN16518,13.4,12.885740740740742
AN18024,5.166666666666667,9.674027777777777
AN23388,4.296111111111111,7.156597222222222
AN03674,12.848055555555556,9.81611111111111
AN03959,4.091666666666667,2.674513888888889
AN04058,1.3166666666666667,0.909074074074074
AN04762,18.75,11.373333333333333
AN08652,6.160833333333334,16.16648148148148
AN11264,2.4,9.961944444444443
AN15078,17.616666666666667,9.572222222222223
AN21698,25.74861111111111,16.01888888888889
AN23618,6.733333333333333,3.194722222222222
AN25205,9.622222222222222,8.03
AN03700,9.716666666666667,95.10518518518519
AN04911,4.7427777777777775,4.799611111111111
AN06586,15.957777777777778,13.786759259259261
AN07967,9.5,5.665925925925926
AN21605,38.23888888888889,25.192222222222224
AN03545,9.1,5.188888888888889
AN03701,21.916666666666668,16.899629629629633
AN08193,13.013055555555555,12.909351851851852
AN08308,21.6,14.383333333333335
AN13428,8.737777777777778,4.657430555555555
AN21892,13.409722222222221,11.650833333333333
AN22459,401.0733333333333,142.78898148148147
AN00821,9.583333333333334,11.217361111111112
AN02854,2.283333333333333,0.9055555555555556
AN04722,9.81,7.742037037037037
AN04932,14.765833333333333,13.345925925925926
AN16766,18.916666666666668,10.41212962962963
AN18051,76.80361111111111,30.740092592592593
AN06297,4.884722222222222,12.145972222222222
AN11483,6.133333333333334,10.322083333333333
AN16810,25.25,8.883425925925927
AN18367,14.119444444444444,5.767592592592592
AN22667,2.7463888888888888,1.4851388888888888
AN02892,12.056666666666667,5.102222222222222
AN04293,2.9833333333333334,3.7333333333333334
AN07928,2.3833333333333333,1.3444444444444443
AN10019,22.135277777777777,12.832777777777778
AN12950,4.779166666666667,7.397986111111111
AN16361,18.95,10.423055555555555
AN21863,6.642222222222222,3.6209722222222225
AN22340,23.31138888888889,15.377708333333333
AN23361,2.799166666666667,6.568796296296296
AN01037,9.7,12.174166666666666
AN02981,3.55,9.117222222222223
AN04279,3,10.775
AN04487,14.816666666666666,12.027777777777777
AN18356,3.7666666666666666,3.033333333333333
AN24748,8.68,6.810370370370371
AN01809,5.1,17.19172222222222
AN03065,7.45,10.144444444444446
AN03233,14.883333333333333,13.342314814814815
AN03343,8.65,14.193240740740741
AN03382,9.916666666666666,16.512037037037036
AN04359,6.85,4.833703703703704
AN06417,4.466666666666667,7.656944444444444
AN10175,13.533333333333333,9.097592592592592
AN01535,0.5230555555555556,0.36166666666666664
AN02370,17.828055555555554,14.353425925925924
AN02836,5.898333333333333,10.346203703703704
AN03192,3.59,2.104722222222222
AN04507,18.416666666666668,15.897407407407409
AN10232,3.6527777777777777,8.359791666666666
AN11314,16.4,6.016666666666666
AN11355,2.7111111111111112,1.4730555555555558
AN23774,4.6675,7.325
AN01073,30.05,22.612499999999997
AN08927,9.316666666666666,9.25
AN11067,15.133333333333333,13.417037037037035
AN12373,3.033333333333333,6.811111111111111
AN03375,12.951666666666666,4.887407407407408
AN03605,14.216666666666667,13.97962962962963
AN04636,9.531666666666666,12.619555555555555
AN06476,19.083333333333332,14.275185185185185
AN15839,8.616666666666667,14.100000000000001
AN22435,5.723888888888889,7.480347222222223
AN24920,3.1075,2.493888888888889
AN00346,8.133333333333333,11.766666666666666
AN00427,6.9725,4.481574074074074
AN00527,3.466666666666667,2.8944444444444444
AN02625,0.6916666666666667,0.4810185185185185
AN04088,3.65,13.12
AN05331,18.233333333333334,13.741666666666667
AN06541,29.898611111111112,15.904166666666665
AN08173,12.716666666666667,8.118148148148148
AN10075,15.966666666666667,10.277592592592592
AN10152,13.025277777777777,4.868055555555555
AN12968,7.416666666666667,14.475740740740742
AN16515,26.766666666666666,18.62472222222222
AN18008,2.32,8.547569444444445
AN23139,26.85,12.64597222222222
AN01267,8.97638888888889,25.712055555555555
AN02061,37.16305555555556,16.988425925925927
AN03913,23.966666666666665,17.322037037037035
AN10947,18.65,15.416574074074072
AN11421,3.1666666666666665,6.755277777777778
AN23837,13.836666666666666,5.229629629629629
AN02437,41.42333333333333,20.983819444444446
AN04996,9.533333333333333,5.655416666666667
AN11494,17.00861111111111,11.509375
AN11735,22.826666666666668,14.180185185185186
AN13939,4.466666666666667,1.8083333333333333
AN14101,20.22388888888889,10.011180555555555
AN22888,8.033611111111112,7.87587962962963
AN24009,46.9,20.397569444444443
AN00019,480.3666666666667,257.34999999999997
AN02185,9.4,8.758611111111112
AN05534,13.266666666666667,12.083425925925924
AN06211,35.666666666666664,21.80388888888889
AN14182,12.166666666666666,4.651944444444444
AN15242,9.866666666666667,17.933555555555557
AN17589,2.45,10.056597222222221
AN18334,6.81,10.518680555555557
AN01302,5.0725,7.95712962962963
AN03058,2.653611111111111,11.097962962962962
AN06381,50.27388888888889,29.739305555555557
AN06844,2.816666666666667,1.2722222222222224
AN08272,16,11.072222222222223
AN09939,9.466666666666667,11.606018518518518
AN11457,21.05,10.877777777777778
AN13994,5.633333333333334,16.05296296296296
AN14068,31.033333333333335,16.226574074074076
AN15405,16.76222222222222,14.44472222222222
AN15542,8.616666666666667,7.476666666666667
AN16717,14.75,10.736805555555556
AN23318,55.031666666666666,23.796666666666667
AN01279,15.3,12.116555555555555
AN01756,17.38277777777778,10.118796296296297
AN03240,8.68361111111111,26.128888888888884
AN08067,3.5833333333333335,2.47
AN11640,16.11861111111111,10.934097222222222
AN12075,33.75,18.894814814814815
AN14379,23.259166666666665,16.22972222222222
AN15461,18.580555555555556,12.411851851851852
AN18183,8.888333333333334,16.45763888888889
AN23860,6.456666666666667,14.647638888888888
AN02699,23.897777777777776,9.396759259259257
AN04896,8.63861111111111,10.694166666666666
AN06012,9.55,8.7125
AN06359,4.375,6.558333333333334
AN08412,9.765555555555556,8.316296296296295
AN19424,8.35,6.545555555555556
AN02973,3.15,6.763796296296296
AN06547,8.75,6.888888888888888
AN12004,63.9,34.02222222222222
AN14677,2.65,6.025555555555556
AN23911,5.021944444444444,4.3073148148148155
AN24793,7.543055555555555,10.304722222222223
AN01170,3.566666666666667,4.681222222222222
AN01653,22.39,16.346666666666668
AN02059,13.616666666666667,10.116722222222222
AN03745,9.85,7.044351851851851
AN03846,17.49222222222222,9.124166666666667
AN04227,4.45,1.7063194444444445
AN04622,8.385,11.127499999999998
AN06550,20.466666666666665,10.8175
AN08559,12.583333333333334,9.427847222222223
AN11571,96.26666666666667,42.39611111111111
AN13421,3.8666666666666667,6.105370370370371
AN15944,26.486944444444443,9.634537037037036
AN19191,16.72388888888889,14.513518518518518
AN24521,5.671944444444445,9.72
AN00119,40.84361111111111,21.006888888888888
AN00863,8.238055555555556,18.856666666666666
AN01314,13.49611111111111,12.403796296296298
AN08431,9.47861111111111,12.142037037037037
AN08491,10.160555555555556,3.8201851851851854
AN09650,8.216666666666667,15.310277777777777
AN17007,5.493611111111111,4.543174603174603
AN17837,6.25,4.227777777777778
AN18084,5.8,3.392962962962963
AN21481,3.4630555555555556,11.85574074074074
AN22394,4.020833333333333,7.843111111111111
AN23848,8.633333333333333,3.935625
AN24487,6.829444444444444,2.951851851851852
AN02878,2.5902777777777777,9.068981481481481
AN04957,7.976111111111111,9.01574074074074
AN06104,15.153888888888888,10.115277777777777
AN15070,9.4591666666666665,5.875277777777778
AN24754,14.140833333333333,13.936666666666667
AN01146,23.566666666666666,16.966666666666665
AN04958,19.066666666666666,14.088240740740739
AN10191,9.95,7.381527777777778
AN11211,0.9919444444444444,0.508425925925926
AN03627,45.46666666666667,23.78333333333333
AN04371,6.8758333333333335,13.746851851851853
AN09891,3.066666666666667,5.444444444444444
AN12077,2.1,4.8
AN12940,36.249722222222225,16.275185185185187
AN14008,26.386944444444445,18.39925925925926
AN15679,8.55,6.805555555555556
AN24000,4.1994444444444445,7.068277777777777
AN24968,9.533333333333333,9.122361111111111
AN06360,3.256388888888889,6.637129629629629
AN08012,3.2475,11.80888888888889
AN09675,1.846111111111111,0.9948611111111111
AN15624,17.933333333333334,14.829629629629629
AN24157,13.22861111111111,5.528240740740741
AN24560,9.81638888888889,10.036041666666666
AN04094,46.06666666666667,58.8325
AN05635,15.983333333333333,11.855277777777777
AN10962,43.64388888888889,20.125740740740742
AN16535,22.033333333333335,46.312083333333334
AN01954,5.703611111111111,6.460462962962963
AN09961,3.158611111111111,9.709513888888889
AN12074,3.881666666666667,2.526527777777778
AN15211,19.297777777777778,11.924861111111111
AN24654,13.533333333333333,13.181666666666667
AN00623,25.166666666666668,17.22361111111111
AN01601,370.4166666666667,131.95953703703705
AN02516,4.498055555555555,13.357916666666666
AN03010,3.15,2.257962962962963
AN03187,4.527222222222222,12.589888888888888
AN05690,4.416666666666667,10.931111111111113
AN08268,17.716666666666665,10.186944444444444
AN13128,24.316944444444445,14.916574074074072
AN14005,9.81,13.404722222222224
AN14918,12.433333333333334,8.624166666666667
AN14926,4.8,11.149999999999999
AN24684,40.63333333333333,24.287685185185186
AN08621,15.683333333333334,14.563425925925927
AN18146,9.916666666666666,22.717870370370367
AN22551,37.21666666666667,18.837314814814818
AN24672,81.05916666666667,31.364722222222227
AN00348,3.8241666666666667,6.530277777777777
AN00555,3.3833333333333333,6.623402777777778
AN01347,15.945,9.19574074074074
AN02097,38.71388888888889,19.109583333333333
AN03440,5.8116666666666665,6.874944444444445
AN05011,9.183333333333334,8.512222222222222
AN08379,20.7,11.336851851851852
AN18553,4.566666666666666,3.187638888888889
AN00589,7.6,11.514814814814812
AN00613,4.133333333333334,3.1236574074074075
AN03300,25.75,15.432962962962963
AN08034,6.600833333333333,8.969930555555555
AN08160,8.233333333333333,4.526840277777778
AN08205,15.316666666666666,13.188888888888888
AN08584,3.35,5.25
AN09630,5.433333333333334,7.968981481481482
AN09740,7.166666666666667,7.693425925925927
AN09823,21.9,7.949999999999999
AN24766,3.417777777777778,7.867222222222222
AN03490,2.85,11.025
AN08671,3.75,11.622430555555557
AN12057,2.466666666666667,6.830000000000001
AN03752,5.766666666666667,6.77851851851852
AN13254,24.389722222222222,11.909930555555556
AN13583,9.109444444444444,7.336111111111111
AN15204,9.775555555555556,6.450208333333333
AN16192,6.978888888888889,7.089351851851852
AN03546,3.7552777777777777,2.346458333333333
AN06291,6.483333333333333,12.90324074074074
AN07812,23.933333333333334,17.174537037037037
AN13302,9.783333333333333,6.4125
AN14703,3.682777777777778,2.1944444444444446
AN18005,14.2175,13.202962962962962
AN08238,12.529166666666667,4.7615740740740735
AN09904,4.390833333333333,6.275000000000001
AN10413,14.283333333333333,9.477777777777778
AN16648,3.923888888888889,7.173124999999999
AN23683,38.69305555555555,19.427777777777777
AN02074,6.483055555555556,21.625833333333336
AN03951,15.883333333333333,10.570092592592593
AN04549,39.54555555555555,16.63048611111111
AN08296,13.7,9.741296296296296
AN24639,14.049722222222222,10.070347222222221
AN00073,22.416666666666668,35.90607142857143
AN03948,21.016666666666666,6.666041666666666
AN06506,15.183333333333334,14.262962962962964
AN06953,35.55,11.718703703703703
AN11587,22.50861111111111,13.501203703703704
AN12308,26.65,14.238888888888889
AN13823,23.74972222222222,17.271296296296295
AN14217,13.65,11.957222222222223
AN17878,9.351666666666667,20.539444444444445
AN18215,9.752777777777778,9.272962962962962
AN01823,9.733333333333333,5.885509259259259
AN03784,14.083333333333334,9.611111111111112
AN05448,5.531944444444444,6.295486111111111
AN06001,9.216666666666667,4.375
AN06720,8.116666666666667,2.702048611111111
AN10271,14.733055555555556,14.40037037037037
AN14243,9.970833333333333,5.489652777777778
AN15357,5.259444444444444,8.369722222222222
AN00559,3.6330555555555555,4.908333333333333
AN01446,8.4875,3.5132407407407413
AN01686,16.416666666666668,14.46101851851852
AN05383,19.39361111111111,15.286759259259261
AN13973,19.95,7.583333333333333
AN23338,3.683333333333333,11.771944444444443
AN02602,31.433333333333334,24.160185185185185
AN02895,3.5527777777777776,9.428703703703704
AN05214,28.7,7.163333333333332
AN06551,9.911111111111111,11.516785714285714
AN15787,9.05,7.541597222222222
AN16590,3.216666666666667,10.240416666666667
AN23006,5.0525,19.360185185185188
AN23830,8.52138888888889,10.238055555555556
AN01255,8.1325,13.59411111111111
AN02964,7.931666666666667,9.105173611111113
AN06133,20.699166666666667,8.399861111111113
AN06487,1.6833333333333333,1.3202083333333332
AN13371,46.028333333333336,16.815777777777775
